{"rotation":0,"bottomCopper":[[[4.18,6.720000000000001,0],[5.98,6.720000000000001,0],[5.98,8.52,0],[4.18,8.52,0]],[[6.720000000000001,6.720000000000001,0],[8.52,6.720000000000001,0],[8.52,8.52,0],[6.720000000000001,8.52,0]]],"hidden":false,"topCopper":[[[4.18,6.720000000000001,0],[5.98,6.720000000000001,0],[5.98,8.52,0],[4.18,8.52,0]],[[6.720000000000001,6.720000000000001,0],[8.52,6.720000000000001,0],[8.52,8.52,0],[6.720000000000001,8.52,0]]],"topTraceCuts":[[[4.158882456501561,4.735737625180358,0.002718181298428385],[4.167512481035102,4.735688809454438,0.0003493856128754153],[5.980753730480302,4.735625369322418,0.0443624253638141],[6.330796338119506,4.766878266804706,0.0003943372972293125],[6.332028579744675,4.767099934886069,-2.835520035167518e-05],[6.332039751166001,4.767101898347999,5.487770399529503e-06],[6.332082608800547,4.767109684490136,8.837423303733971e-05],[6.332358712171286,4.767159651210981,-0.0891174782187386],[6.367726619625798,4.767144282043458,6.639533877088632e-06],[6.367778482102989,4.767134938672894,-0.0003621016910514047],[6.367921002356889,4.767109075139882,0.000178165876535589],[6.36847774537248,4.767008938581441,0.04194665542856132],[6.699344912978887,4.735732682672741,0.002698111520106149],[6.707911226558072,4.735685694997584,0.0003492738275258508],[8.520572509972439,4.735625369322418,0.4140347105293896],[10.50437461937647,6.719361059548738,0.0003498399546200669],[10.50431117924445,8.53242187361311,0.002744645648643375],[10.50426216040177,8.541135920776147,0.4110126892432875],[8.520574405728786,10.50437462567947,0.0003492739654534598],[6.707912377552996,10.5043143000043,0.002678576897024974],[6.699408082288573,10.50426798938499,0.03938790144950129],[6.38848948477638,10.47648771129582,0.005691072963181531],[6.370708982886624,10.47327413346632,-0.09216714092684961],[6.331018954079042,10.47308191731391,7.872719529194817e-05],[6.330772911987511,10.47312599364896,0.04437227873548234],[5.980651833576682,10.50437469338505,0.0003493544298732334],[4.167571858832095,10.50431132095862,0.002739591566465654],[4.158873857892418,10.50426236982153,0.4079880823076587],[2.195737794654137,8.541143977740621,0.0027264983028961],[2.195688775811465,8.532487548029398,0.0003493765826584607],[2.195625335679444,6.719292744614683,0.2585481823801568],[3.128530892967391,5.03710567304166,0.0003574646030000292],[3.12949359866345,5.03650458286868,0.1376841162609996]],[[4.179999895794506,6.720048880574566,0.0004485415889515131],[4.179999286444251,6.721472999824226,-0.0003475022279137423],[4.180048779226009,8.519951182132905,-0.0003475022003435656],[5.978527096945856,8.520000674914664,0.000463916611981726],[5.980000031921436,8.520000200975577,0.247328021641127],[6.719999923134475,8.520000200975577,0.000463916611981726],[6.721472858110054,8.520000674914664,-0.0003475022133631008],[8.519951175829902,8.51995124983849,-0.0003475022409958286],[8.52000066861166,6.721472999824226,0.0004639592685410072],[8.520000126966989,6.719999929437479,1.110223013064843e-15],[8.519999788439071,6.719999929437479,0],[8.519999788439071,6.719999929437479,0.0002959427067820941],[8.519060170347087,6.719999929437479,5.897045901251448e-09],[6.720939744343209,6.719999929437479,0.0002959427067820941],[6.720000126251227,6.719999929437479,0],[6.720000126251227,6.719999929437479,8.881784104518742e-16],[6.719999855428892,6.719999929437479,0.2473279960632123],[5.980000031921436,6.719999861731895,0.000463916611981726],[5.978527096945856,6.719999387792809,-0.000347511645608449]]],"tools":["706639E2-1ED3-48BE-A210-64EA9B6CCC90","B5D88C4F-4FA2-4D0A-B6C2-1485F3CAB73B","3FE64A6F-BFBC-4E48-8D48-9D7195783FDC"],"holesCuts":[],"scaleFactor":1,"uuid":"4929916C-CA1D-4AEA-9B20-76BE17243C60","origin":{"y":0,"b":0,"z":0,"x":20,"c":0},"holes":[[[5.68,7.62,-1],[4.48,7.62,-1]],[[5.68,7.62,-1],[4.48,7.62,-1]],[[8.220000000000001,7.62,-1],[7.02,7.62,-1]],[[8.220000000000001,7.62,-1],[7.02,7.62,-1]]],"cutTraces":true,"outline":[[[0,0,0],[12.7,0,0],[12.7,0,0],[12.7,12.7,0],[12.7,12.7,0],[0,12.7,0],[0,12.7,0],[0,0,0]]],"name":"singleLine.brd","type":"OLPCBMillingPlan","cutOutline":true,"traceClearance":1.031875014305115,"collapsed":true,"traceCutAdjust":0,"cutHoles":true,"jobsArray":[{"tag":"bot-pocket","blocks":"TjFHMjEKTjJHOTAKTjNHOTQKTjRHNTUKTjVHNTMgRzAwIHotMC41MApONkcwMCB4LTMuNTUgeTUuNzEKTjdHMDAgejIuMDAKTjhHMDEgRjcwIHoxLjAwCk45TTMgUzEyMDAwCk4xMEcwMCB4LTMuNTUgeTUuNzEKTjExRzAxIEY3MCB6MC41MApOMTJHMDEgRjUwIHotMC4xNQpOMTNHMDQgcDEuMDAKTjE0RzAzIEYyOTkgeC0yLjk5IHk2LjcyIHIxLjE5Ck4xNUcwMSBGMjk5IHgtMi45OSB5OC41MwpOMTZHMDMgRjI5OSB4LTQuMTcgeTkuNzEgcjEuMTkKTjE3RzAxIEYyOTkgeC01Ljk4IHk5LjcxCk4xOEcwMSBGMjk5IHgtNi4yMCB5OS42OQpOMTlHMDIgRjI5OSB4LTYuNTIgeTkuNjkgcjAuOTAKTjIwRzAxIEYyOTkgeC02LjcxIHk5LjcxCk4yMUcwMSBGMjk5IHgtOC41MiB5OS43MQpOMjJHMDMgRjI5OSB4LTkuNzEgeTguNTIgcjEuMTkKTjIzRzAxIEYyOTkgeC05LjcxIHk2LjcyCk4yNEcwMyBGMjk5IHgtOC41MiB5NS41MyByMS4xOQpOMjVHMDEgRjI5OSB4LTYuNzEgeTUuNTMKTjI2RzAxIEYyOTkgeC02LjUyIHk1LjU1Ck4yN0cwMiBGMjk5IHgtNi4yMCB5NS41NSByMC45MApOMjhHMDEgRjI5OSB4LTUuOTggeTUuNTMKTjI5RzAxIEYyOTkgeC00LjE3IHk1LjUzCk4zMEcwMyBGMjk5IHgtMy41NSB5NS43MSByMS4xOQpOMzFHMDEgRjI5OSB4LTMuNzYgeTYuMDUKTjMyRzAyIEYyOTkgeC00LjE3IHk1LjkzIHIwLjc5Ck4zM0cwMSBGMjk5IHgtNS45OCB5NS45MwpOMzRHMDIgRjI5OSB4LTYuMzUgeTYuMDIgcjAuNzkKTjM1RzAyIEYyOTkgeC02LjcyIHk1LjkzIHIwLjc5Ck4zNkcwMSBGMjk5IHgtOC41MyB5NS45MwpOMzdHMDIgRjI5OSB4LTkuMzEgeTYuNzEgcjAuNzkKTjM4RzAxIEYyOTkgeC05LjMxIHk4LjUyCk4zOUcwMiBGMjk5IHgtOC41MiB5OS4zMSByMC43OQpONDBHMDEgRjI5OSB4LTYuNzIgeTkuMzEKTjQxRzAyIEYyOTkgeC02LjM1IHk5LjIyIHIwLjc5Ck40MkcwMiBGMjk5IHgtNS45OCB5OS4zMSByMC43OQpONDNHMDEgRjI5OSB4LTQuMTcgeTkuMzEKTjQ0RzAyIEYyOTkgeC0zLjM5IHk4LjUzIHIwLjc5Ck40NUcwMSBGMjk5IHgtMy4zOSB5Ni43MgpONDZHMDIgRjI5OSB4LTMuNzYgeTYuMDUgcjAuNzkKTjQ3RzAwIHoxLjAwCk40OE01Ck40OUc1MyBHMDAgei0wLjUwCk41ME0zMApONTEKKE1TR0BlbmQpCg==","tool":"3FE64A6F-BFBC-4E48-8D48-9D7195783FDC","completed":0,"origin":null,"uuid":"9A3940DC-F8A2-4384-A333-85E0C6066691"},{"tag":"top-pocket","blocks":"TjFHMjEKTjJHOTAKTjNHOTQKTjRHNTUKTjVHNTMgRzAwIHotMC41MApONkcwMCB4My41NSB5NS43MQpON0cwMCB6Mi4wMApOOEcwMSBGNzAgejEuMDAKTjlNMyBTMTIwMDAKTjEwRzAwIHgzLjU1IHk1LjcxCk4xMUcwMSBGNzAgejAuNTAKTjEyRzAxIEY1MCB6LTAuMTUKTjEzRzA0IHAxLjAwCk4xNEcwMyBGMjk5IHg0LjE3IHk1LjUzIHIxLjE5Ck4xNUcwMSBGMjk5IHg1Ljk4IHk1LjUzCk4xNkcwMSBGMjk5IHg2LjE5IHk1LjU1Ck4xN0cwMiBGMjk5IHg2LjUxIHk1LjU1IHIwLjg5Ck4xOEcwMSBGMjk5IHg2LjcxIHk1LjUzCk4xOUcwMSBGMjk5IHg4LjUyIHk1LjUzCk4yMEcwMyBGMjk5IHg5LjcxIHk2LjcyIHIxLjE5Ck4yMUcwMSBGMjk5IHg5LjcxIHk4LjUzCk4yMkcwMyBGMjk5IHg4LjUyIHk5LjcxIHIxLjE5Ck4yM0cwMSBGMjk5IHg2LjcxIHk5LjcxCk4yNEcwMSBGMjk5IHg2LjUyIHk5LjY5Ck4yNUcwMiBGMjk5IHg2LjE5IHk5LjY5IHIwLjkwCk4yNkcwMSBGMjk5IHg1Ljk4IHk5LjcxCk4yN0cwMSBGMjk5IHg0LjE3IHk5LjcxCk4yOEcwMyBGMjk5IHgyLjk5IHk4LjUzIHIxLjE5Ck4yOUcwMSBGMjk5IHgyLjk5IHk2LjcyCk4zMEcwMyBGMjk5IHgzLjU1IHk1LjcxIHIxLjE5Ck4zMUcwMSBGMjk5IHgzLjc2IHk2LjA1Ck4zMkcwMiBGMjk5IHgzLjM5IHk2LjcyIHIwLjc5Ck4zM0cwMSBGMjk5IHgzLjM5IHk4LjUzCk4zNEcwMiBGMjk5IHg0LjE3IHk5LjMxIHIwLjc5Ck4zNUcwMSBGMjk5IHg1Ljk4IHk5LjMxCk4zNkcwMiBGMjk5IHg2LjM1IHk5LjIyIHIwLjc5Ck4zN0cwMiBGMjk5IHg2LjcyIHk5LjMxIHIwLjc5Ck4zOEcwMSBGMjk5IHg4LjUzIHk5LjMxCk4zOUcwMiBGMjk5IHg5LjMxIHk4LjUzIHIwLjc5Ck40MEcwMSBGMjk5IHg5LjMxIHk2LjcyCk40MUcwMiBGMjk5IHg4LjUyIHk1LjkzIHIwLjc5Ck40MkcwMSBGMjk5IHg2LjcyIHk1LjkzCk40M0cwMiBGMjk5IHg2LjM1IHk2LjAyIHIwLjc5Ck40NEcwMiBGMjk5IHg1Ljk4IHk1LjkzIHIwLjc5Ck40NUcwMSBGMjk5IHg0LjE3IHk1LjkzCk40NkcwMiBGMjk5IHgzLjc2IHk2LjA1IHIwLjc5Ck40N0cwMCB6MS4wMApONDhNNQpONDlHNTMgRzAwIHotMC41MApONTBNMzAKTjUxCihNU0dAZW5kKQo=","tool":"3FE64A6F-BFBC-4E48-8D48-9D7195783FDC","completed":0,"origin":null,"uuid":"80E6A8C3-5C26-4FA6-9CE9-881114ADE85F"},{"tag":"bot-exterior-profile",