{
  "millVersion" : 2,
  "version" : 3,
  "fixturing" : {
    "spoilboard" : {
      "coordinateSystem" : {
        "y" : 2.364047200343096,
        "b" : 0,
        "z" : 6.35,
        "x" : 1.865286122795198,
        "a" : 0,
        "c" : 0.0009203333610925768
      }
    },
    "bracket" : null
  },
  "plans" : [
    "78AC887E-2F0F-4B86-AFDC-479CCD3D66D5",
    "23BEF7AF-46FE-4A85-9EDD-6131A59DCD68",
    "A285175B-7897-4D9B-880B-63E49D5ED00B",
    "7160792F-D102-4D8D-8DFD-21A99FEC836D",
    "3580AB7D-598F-48A4-B44E-C995E38EF152",
    "FB203945-5AD8-43CB-9B05-F89F2B234560",
    "76E32348-F77E-4B13-B13D-DDDA94C1B618",
    "0995C4D1-DA6C-426E-8150-61FD4462841E",
    "0B92D145-5C3A-4F25-B9A8-7BA6F509ECF6",
    "4CF1BD0E-0472-4FC8-9E94-97D209512879",
    "BEFFFBB7-855E-4F7C-A66D-490039467157",
    "F6E16C2C-F2C6-4CD8-927A-4B1871AD6BA5",
    "A3A6D2C5-B5D6-4A9F-B7BA-37771168637A",
    "669F1353-F6B0-44F1-91C2-3F99B714A98D",
    "1A2902CB-D35A-4747-899B-B55A4647BAB0",
    "B034B791-B926-4345-803A-69F6A931DF55",
    "CC3C1662-C8AA-4C6C-B392-AFFA050E8690",
    "5814EF17-8871-4D3C-9C2F-85370AA5C997",
    "BA98D726-6228-4DD3-8460-894D08F7D8BE",
    "0D6F78F6-1E54-40E0-B900-0CE5DB7B1C47",
    "60B740DF-B7BB-4BC2-B72C-1A63F702946A",
    "5E69A5B9-27B9-478A-B18D-205B99E0E7A0",
    "5150ACCA-56AB-4AD7-AA7D-AF9ABF2C401A",
    "F8D805AA-9B40-4670-BC49-8C202581853C"
  ],
  "stock" : {
    "height" : 101.6,
    "depth" : 1.016,
    "laminate" : "8D174BD6-C35D-4CCA-9A16-32EE5E9C251D",
    "offset" : {
      "y" : 2.363,
      "b" : 0,
      "z" : 6.603,
      "x" : 1.864,
      "c" : 0
    },
    "width" : 114.3,
    "name" : "(unknown)",
    "zrotation" : 0.0009203333610925768
  },
  "displayUnits" : "mm",
  "showDimensions" : true,
  "currentJobUUID" : null,
  "tools" : [
    {
      "group" : "Endmill",
      "conductive" : "yes",
      "flutes" : 2,
      "name" : "1\/32in Flat End Mill",
      "profile" : [
        [
          3.175,
          36.5,
          0,
          0
        ],
        [
          3.175,
          9.5,
          0,
          -1
        ],
        [
          0.79375,
          1.5875,
          0,
          1
        ],
        [
          0.79375,
          0,
          0,
          1
        ]
      ],
      "uuid" : "FFC3953B-A29D-4C22-8263-975B2722ADBC"
    },
    {
      "group" : "Endmill",
      "conductive" : "yes",
      "flutes" : 2,
      "name" : "1\/32in Flat End Mill",
      "profile" : [
        [
          3.175,
          36.5,
          0,
          0
        ],
        [
          3.175,
          9.5,
          0,
          -1
        ],
        [
          0.79375,
          1.5875,
          0,
          1
        ],
        [
          0.79375,
          0,
          0,
          1
        ]
      ],
      "uuid" : "FFC3953B-A29D-4C22-8263-975B2722ADBC"
    },
    {
      "group" : "Endmill",
      "conductive" : "yes",
      "flutes" : 2,
      "name" : "1\/32in Flat End Mill",
      "profile" : [
        [
          3.175,
          36.5,
          0,
          0
        ],
        [
          3.175,
          9.5,
          0,
          -1
        ],
        [
          0.79375,
          1.5875,
          0,
          1
        ],
        [
          0.79375,
          0,
          0,
          1
        ]
      ],
      "uuid" : "FFC3953B-A29D-4C22-8263-975B2722ADBC"
    },
    {
      "group" : "Endmill",
      "conductive" : "yes",
      "flutes" : 2,
      "name" : "1\/32in Flat End Mill",
      "profile" : [
        [
          3.175,
          36.5,
          0,
          0
        ],
        [
          3.175,
          9.5,
          0,
          -1
        ],
        [
          0.79375,
          1.5875,
          0,
          1
        ],
        [
          0.79375,
          0,
          0,
          1
        ]
      ],
      "uuid" : "FFC3953B-A29D-4C22-8263-975B2722ADBC"
    },
    {
      "group" : "Endmill",
      "conductive" : "yes",
      "flutes" : 2,
      "name" : "1\/32in Flat End Mill",
      "profile" : [
        [
          3.175,
          36.5,
          0,
          0
        ],
        [
          3.175,
          9.5,
          0,
          -1
        ],
        [
          0.79375,
          1.5875,
          0,
          1
        ],
        [
          0.79375,
          0,
          0,
          1
        ]
      ],
      "uuid" : "FFC3953B-A29D-4C22-8263-975B2722ADBC"
    },
    {
      "group" : "Endmill",
      "conductive" : "yes",
      "flutes" : 2,
      "name" : "1\/32in Flat End Mill",
      "profile" : [
        [
          3.175,
          36.5,
          0,
          0
        ],
        [
          3.175,
          9.5,
          0,
          -1
        ],
        [
          0.79375,
          1.5875,
          0,
          1
        ],
        [
          0.79375,
          0,
          0,
          1
        ]
      ],
      "uuid" : "FFC3953B-A29D-4C22-8263-975B2722ADBC"
    },
    {
      "group" : "Endmill",
      "conductive" : "yes",
      "flutes" : 2,
      "name" : "1\/32in Flat End Mill",
      "profile" : [
        [
          3.175,
          36.5,
          0,
          0
        ],
        [
          3.175,
          9.5,
          0,
          -1
        ],
        [
          0.79375,
          1.5875,
          0,
          1
        ],
        [
          0.79375,
          0,
          0,
          1
        ]
      ],
      "uuid" : "FFC3953B-A29D-4C22-8263-975B2722ADBC"
    },
    {
      "group" : "Endmill",
      "conductive" : "yes",
      "flutes" : 2,
      "name" : "1\/32in Flat End Mill",
      "profile" : [
        [
          3.175,
          36.5,
          0,
          0
        ],
        [
          3.175,
          9.5,
          0,
          -1
        ],
        [
          0.79375,
          1.5875,
          0,
          1
        ],
        [
          0.79375,
          0,
          0,
          1
        ]
      ],
      "uuid" : "FFC3953B-A29D-4C22-8263-975B2722ADBC"
    },
    {
      "group" : "Endmill",
      "conductive" : "yes",
      "flutes" : 2,
      "name" : "1\/32in Flat End Mill",
      "profile" : [
        [
          3.175,
          36.5,
          0,
          0
        ],
        [
          3.175,
          9.5,
          0,
          -1
        ],
        [
          0.79375,
          1.5875,
          0,
          1
        ],
        [
          0.79375,
          0,
          0,
          1
        ]
      ],
      "uuid" : "FFC3953B-A29D-4C22-8263-975B2722ADBC"
    },
    {
      "group" : "Endmill",
      "conductive" : "yes",
      "flutes" : 2,
      "name" : "1\/32in Flat End Mill",
      "profile" : [
        [
          3.175,
          36.5,
          0,
          0
        ],
        [
          3.175,
          9.5,
          0,
          -1
        ],
        [
          0.79375,
          1.5875,
          0,
          1
        ],
        [
          0.79375,
          0,
          0,
          1
        ]
      ],
      "uuid" : "FFC3953B-A29D-4C22-8263-975B2722ADBC"
    },
    {
      "group" : "Endmill",
      "conductive" : "yes",
      "flutes" : 2,
      "name" : "1\/32in Flat End Mill",
      "profile" : [
        [
          3.175,
          36.5,
          0,
          0
        ],
        [
          3.175,
          9.5,
          0,
          -1
        ],
        [
          0.79375,
          1.5875,
          0,
          1
        ],
        [
          0.79375,
          0,
          0,
          1
        ]
      ],
      "uuid" : "FFC3953B-A29D-4C22-8263-975B2722ADBC"
    },
    {
      "group" : "Endmill",
      "conductive" : "yes",
      "flutes" : 2,
      "name" : "1\/32in Flat End Mill",