{"rotation":0,"arcs":[[[0,14.83368733212637,2.900618745637841e-08],[0.2908565235479292,0,0.0515133573937398],[5.16161977005417,0.7978104834494388,0.0717794660706778],[9.144122306581295,2.525238479587415,0.1645467104935161],[13.7702305117522,8.126652892031188,0.1259456986343082],[14.52057716855203,14.83368733212637,2.784788710741283e-08]],[[6.273286268941105,5.713325073300666,0.5095254280882835],[8.983682184093672,9.443864447497276,0.6681786386363019],[3.734025843795155,9.857021804526539,0.5600269006834188]],[[14.27598291148061,14.55146518432241,-0.07224883852996995],[14.17679005532748,10.71516315916983,-0.1558440051619497],[11.07438947542822,4.427940968876101,-0.1137191039229251],[6.195546553003586,1.423104805754861,-0.06663914130174625],[0.5671286444819463,0.3062165333693656,2.785553876006109e-08],[0.2878104793588205,14.55146518432241,2.682682920251977e-08]]],"pocketCuts":[[[4.582750238576691,6.26889174466055,0.000252220952335974],[4.584039923791291,6.267942089860236,0.9034260501375678],[8.390178778890679,10.47123261986032,6.480696334121984e-06],[8.390151231148513,10.47126319180571,0.3912106015445553],[4.538622054756783,10.82434260315353,1.543222200515249e-06],[4.538614301799407,10.82433660973258,0.4992478570821435]]],"hidden":false,"onStockBottom":false,"tools":["B5D88C4F-4FA2-4D0A-B6C2-1485F3CAB73B","FFC3953B-A29D-4C22-8263-975B2722ADBC"],"scaleFactor":1,"cutInterior":true,"uuid":"DA3A6F35-DFF5-4FA4-B19E-C954A8D5569A","cutOutline":true,"origin":{"y":55,"b":0,"z":0,"x":30,"c":0},"name":"circles.svg","machiningProperties":{"B5D88C4F-4FA2-4D0A-B6C2-1485F3CAB73B":{"radius":1.587499976158142,"stepover":0.25,"z_feed_rate":1500,"pass_depth":1.54,"spindle_speed":12000,"xy_feed_rate":1500,"climb":true},"FFC3953B-A29D-4C22-8263-975B2722ADBC":{"radius":0.3968749940395355,"stepover":0.01,"z_feed_rate":0.1,"pass_depth":0.025,"spindle_speed":7900,"xy_feed_rate":0.1,"climb":true}},"type":"OLSVGMillingPlan","outlineType":0,"collapsed":true,"jobsArray":[{"tag":"pocket","blocks":"TjFHMjEKTjJHOTAKTjNHOTQKTjRHNTUKTjVHNTMgRzAwIHotMC41MApONkcwMCB4Ni4wMCB5OC4xOQpON0cwMCB6Mi4wMApOOEcwMSBGNzAgejEuMDAKTjlNMyBTMTIwMDAKTjEwRzA0IHAxLjUwCk4xMUcwMCB4Ni4wMCB5OC4xOQpOMTJHMDEgRjcwIHowLjUwCk4xM0cwMSBGMTUwMCB6LTAuMjUKTjE0RzA0IHAwLjEwCk4xNUcwMyBGMTUwMCB4Ni41NCB5OC4xOCByMC40NwpOMTZHMDMgRjE1MDAgeDYuNjggeTguODAgcjAuNDcKTjE3RzAzIEYxNTAwIHg2LjA4IHk4Ljk5IHIwLjQ3Ck4xOEcwMyBGMTUwMCB4Ni4wMCB5OC4xOSByMC40NwpOMTlHMDEgRjE1MDAgeDUuNTIgeTcuNTUKTjIwRzAzIEYxNTAwIHg3LjIxIHk3LjcyIHIxLjI2Ck4yMUcwMyBGMTUwMCB4Ny4yMSB5OS40MSByMS4yNgpOMjJHMDMgRjE1MDAgeDUuNTAgeTkuNTYgcjEuMjYKTjIzRzAzIEYxNTAwIHg1LjUyIHk3LjU1IHIxLjI2Ck4yNEcwMCB6MS4wMApOMjVNNQpOMjZHNTMgRzAwIHotMC41MApOMjdNMzAKTjI4CihNU0dAZW5kKQo=","tool":"B5D88C4F-4FA2-4D0A-B6C2-1485F3CAB73B","completed":0,"origin":null,"uuid":"9C98618E-F18D-4549-AF6E-C5ACE8F737CF"},{"tag":"exterior-profile","blocks":"TjFHMjEKTjJHOTAKTjNHOTQKTjRHNTUKTjVHNTMgRzAwIHotMC41MApONkcwMCB4LTEuMzAgeS0wLjAzCk43RzAwIHoyLjAwCk44RzAxIEY3MCB6MS4wMApOOU0zIFMxMjAwMApOMTBHMDQgcDEuNTAKTjExRzAwIHgtMS4zMCB5LTAuMDMKTjEyRzAxIEY3MCB6MC41MApOMTNHMDEgRjE1MDAgei0xLjU0Ck4xNEcwNCBwMC4xMApOMTVHMDMgRjE1MDAgeDAuMDYgeS0xLjU3IHIxLjU5Ck4xNkcwMyBGMTUwMCB4MC41OSB5LTEuNTcgcjIuMjIKTjE3RzAzIEYxNTAwIHgyLjYwIHktMS4zNiByMjUuNjAKTjE4RzAzIEYxNTAwIHg2LjA2IHktMC41OSByMjQuNjcKTjE5RzAzIEYxNTAwIHg4LjUyIHkwLjM3IHIxNi43OApOMjBHMDMgRjE1MDAgeDEwLjU4IHkxLjU3IHIxNS40OQpOMjFHMDMgRjE1MDAgeDE1LjA5IHk3LjE2IHIxMi45MgpOMjJHMDMgRjE1MDAgeDE2LjA5IHkxNS4xMCByMTUuMTEKTjIzRzAzIEYxNTAwIHgxNC41MiB5MTYuNDIgcjEuNTkKTjI0RzAxIEYxNTAwIHgtMC4wNSB5MTYuNDIKTjI1RzAzIEYxNTAwIHgtMS41OSB5MTQuODUgcjEuNTkKTjI2RzAxIEYxNTAwIHgtMS4zMCB5LTAuMDMKTjI3RzAwIHoxLjAwCk4yOE01Ck4yOUc1MyBHMDAgei0wLjUwCk4zME0zMApOMzEKKE1TR0BlbmQpCg==","tool":"B5D88C4F-4FA2-4D0A-B6C2-1485F3CAB73B","completed":0,"origin":null,"uuid":"EDFD15B4-7F5A-4622-9361-71AC72194B8D"}],"outlineCuts":[[[-0.1667453889399875,-3.141850518111427,0.006424276338536017],[-0.1263089071297836,-3.147227997602457,0.05647769836588257],[0.7306878427842554,-3.15327964731641,0.01945603099573712],[2.833843167225924,-2.926133087151715,0.03588611224414234],[6.510526185301264,-2.117298727082325,0.002213441160588039],[6.523986428083387,-2.113252382220413,0.0394154116048697],[9.215472817534422,-1.054912172261599,0.0384887709197741],[11.48440353914318,0.2658834154047955,0.001857657246819122],[11.49409074484456,0.272614363998585,0.1415681919331996],[16.5546787973955,6.540685458433286,0.001687694604614279],[16.55880488460035,6.550576156005637,0.1348270450589293],[17.65637865816301,15.32916765727675,0.007062741196366918],[17.64935802317405,15.37346088908372,0.365031133943425],[14.5204177138771,18.00868740119046,0.0005758684372009637],[-0.04989059563758769,18.00793381950569,0.007784907505930562],[-0.09931529684442442,18.00713374902764,0.4016580093981298],[-3.174779927737351,14.87106013973024,0.007812622202289581],[-3.174612832786393,14.8214532884828,0.0005635569830698802],[-2.883533593658068,-0.06223002071546535,0.3668894617498554]],[[0.4829146517278833,0.01219804101432942,0.01274887872911857],[0.4023168157346459,0.004739154020326986,-0.04429687532597872],[0.2908252740363624,0.001600415991044102,0.000323343278942075],[0.2907825903756232,0.003653202279645384,-0.0005617694206625253],[0.0007138620992304112,14.83299243565055,-0.0005740126782703647],[14.51677884907876,14.83368943666875,0.0004981195178762303],[14.51994190686823,14.83368695506057,-0.1339835751307354],[13.62647544310352,7.767984968857394,-0.141405574685853],[9.677587966855196,2.87664226347492,-0.0384385645633239],[7.832674745748782,1.80314587970203,0.001199133377416447],[7.82582434908114,1.799821351940148,-0.03935396087771128],[5.603112918110099,0.9252748343996977,-0.0358367832492142],[2.375316919658748,0.2155828719500663,0.0007399716446041178],[2.370667874889568,0.2149007605809574,-0.01977093315503653]]],"invert":0,"engraveDepth":0.25}